{"type": "metrics", "dataset": "train", "precision": 0.7027027027027027, "balanced_accuracy": 0.6640433609425476, "recall": 0.37417989417989417, "f1_score": 0.4883303411131059}
{"type": "metrics", "dataset": "test", "precision": 0.6752529898804048, "balanced_accuracy": 0.6675957919872937, "recall": 0.385099685204617, "f1_score": 0.49047778149014365}
{"type": "cm_matrix", "dataset": "train", "true_0": {"predicted_0": 15480, "predicted_1": 748}, "true_1": {"predicted_0": 2957, "predicted_1": 1768}}
{"type": "cm_matrix", "dataset": "test", "true_0": {"predicted_0": 6720, "predicted_1": 353}, "true_1": {"predicted_0": 1172, "predicted_1": 734}}
